graph,radius,eta_S,regret,is_optimum,rstar,rstar_regret,left_regret_gap,right_regret_gap
path,0,0.26521050638607674,0.2652105063860768,False,2,0.12486827038385329,0.018562537107772892,0.0207383142463623
path,1,0.10131273896523682,0.14343080749162618,False,2,0.12486827038385329,0.018562537107772892,0.0207383142463623
path,2,0.03669081643629856,0.12486827038385329,True,2,0.12486827038385329,0.018562537107772892,0.0207383142463623
path,3,0.013274622161110219,0.14560658463021559,False,2,0.12486827038385329,0.018562537107772892,0.0207383142463623
path,4,0.004801426351409124,0.17865578165469254,False,2,0.12486827038385329,0.018562537107772892,0.0207383142463623
path,5,0.0017362058090116391,0.21473788679536077,False,2,0.12486827038385329,0.018562537107772892,0.0207383142463623
path,6,0.0006276325857236006,0.25070898256777197,False,2,0.12486827038385329,0.018562537107772892,0.0207383142463623
path,7,0.00022681721131108257,0.2855389830039423,False,2,0.12486827038385329,0.018562537107772892,0.0207383142463623
path,8,8.19420629872916e-05,0.3189243861347615,False,2,0.12486827038385329,0.018562537107772892,0.0207383142463623
path,9,2.959324530670699e-05,0.35080983552719236,False,2,0.12486827038385329,0.018562537107772892,0.0207383142463623
path,10,1.068384297961934e-05,0.3812232191784556,False,2,0.12486827038385329,0.018562537107772892,0.0207383142463623
path,11,3.855722431097501e-06,0.41021891642807096,False,2,0.12486827038385329,0.018562537107772892,0.0207383142463623
path,12,1.3909811509916483e-06,0.437858336732723,False,2,0.12486827038385329,0.018562537107772892,0.0207383142463623
path,13,5.016114551837898e-07,0.4642033110944356,False,2,0.12486827038385329,0.018562537107772892,0.0207383142463623
path,14,1.8081625634662152e-07,0.4893139089741759,False,2,0.12486827038385329,0.018562537107772892,0.0207383142463623
path,15,6.515143842184321e-08,0.5132477757526379,False,2,0.12486827038385329,0.018562537107772892,0.0207383142463623
path,16,2.346493027111825e-08,0.5360599897946735,False,2,0.12486827038385329,0.018562537107772892,0.0207383142463623
path,17,8.447242488556622e-09,0.557803094455446,False,2,0.12486827038385329,0.018562537107772892,0.0207383142463623
path,18,3.0395007216195406e-09,0.5785271865051493,False,2,0.12486827038385329,0.018562537107772892,0.0207383142463623
path,19,1.0931297078451084e-09,0.5982800203415459,False,2,0.12486827038385329,0.018562537107772892,0.0207383142463623
path,20,3.929281975649352e-10,0.6171071141753374,False,2,0.12486827038385329,0.018562537107772892,0.0207383142463623
path,21,1.4116140827472438e-10,0.6350518535970229,False,2,0.12486827038385329,0.018562537107772892,0.0207383142463623
path,22,5.068368259729942e-11,0.6521555911005426,False,2,0.12486827038385329,0.018562537107772892,0.0207383142463623
path,23,1.818690348527422e-11,0.66845774122115,False,2,0.12486827038385329,0.018562537107772892,0.0207383142463623
path,24,6.521904166629264e-12,0.6839958713101983,False,2,0.12486827038385329,0.018562537107772892,0.0207383142463623
path,25,2.3372425234849477e-12,0.6988057880885018,False,2,0.12486827038385329,0.018562537107772892,0.0207383142463623
path,26,8.370291688072583e-13,0.7129216201545386,False,2,0.12486827038385329,0.018562537107772892,0.0207383142463623
path,27,2.9954208911786375e-13,0.7263758966296738,False,2,0.12486827038385329,0.018562537107772892,0.0207383142463623
path,28,1.071577526255976e-13,0.7391996221189042,False,2,0.12486827038385329,0.018562537107772892,0.0207383142463623
path,29,3.831691237692501e-14,0.7514223481589298,False,2,0.12486827038385329,0.018562537107772892,0.0207383142463623
path,30,1.371179839365379e-14,0.7630722413178815,False,2,0.12486827038385329,0.018562537107772892,0.0207383142463623
path,31,4.940776265879115e-15,0.7741761481035253,False,2,0.12486827038385329,0.018562537107772892,0.0207383142463623
path,32,1.7970839075308726e-15,0.7847596568294828,False,2,0.12486827038385329,0.018562537107772892,0.0207383142463623
path,33,6.696907859163306e-16,0.794847156582023,False,2,0.12486827038385329,0.018562537107772892,0.0207383142463623
path,34,2.914841190499137e-16,0.8044618934233052,False,2,0.12486827038385329,0.018562537107772892,0.0207383142463623
path,35,1.2767486206318533e-16,0.8136260239605901,False,2,0.12486827038385329,0.018562537107772892,0.0207383142463623
path,36,9.635838646278137e-17,0.822360666404865,False,2,0.12486827038385329,0.018562537107772892,0.0207383142463623
path,37,7.708670917022511e-17,0.8306859492365448,False,2,0.12486827038385329,0.018562537107772892,0.0207383142463623
path,38,6.26329512008079e-17,0.8386210575903951,False,2,0.12486827038385329,0.018562537107772892,0.0207383142463623
path,39,7.467774950865557e-17,0.8461842774665707,False,2,0.12486827038385329,0.018562537107772892,0.0207383142463623
path,40,6.98598301855165e-17,0.8533930378696499,False,2,0.12486827038385329,0.018562537107772892,0.0207383142463623
path,41,7.226878984708603e-17,0.8602639509727711,False,2,0.12486827038385329,0.018562537107772892,0.0207383142463623
path,42,7.467774950865557e-17,0.8668128503994295,False,2,0.12486827038385329,0.018562537107772892,0.0207383142463623
path,43,6.745087052394696e-17,0.8730548277111501,False,2,0.12486827038385329,0.018562537107772892,0.0207383142463623
path,44,7.949566883179463e-17,0.879004267185122,False,2,0.12486827038385329,0.018562537107772892,0.0207383142463623
path,45,7.949566883179463e-17,0.8846748789619374,False,2,0.12486827038385329,0.018562537107772892,0.0207383142463623
path,46,7.467774950865557e-17,0.8900797306398198,False,2,0.12486827038385329,0.018562537107772892,0.0207383142463623
path,47,7.467774950865557e-17,0.8952312773881521,False,2,0.12486827038385329,0.018562537107772892,0.0207383142463623
path,48,7.708670917022511e-17,0.9001413906496968,False,2,0.12486827038385329,0.018562537107772892,0.0207383142463623
path,49,8.190462849336417e-17,0.9048213854976523,False,2,0.12486827038385329,0.018562537107772892,0.0207383142463623
path,50,7.708670917022511e-17,0.9092820467105875,False,2,0.12486827038385329,0.018562537107772892,0.0207383142463623
path,51,8.43135881549337e-17,0.9135336536253421,False,2,0.12486827038385329,0.018562537107772892,0.0207383142463623
path,52,6.745087052394696e-17,0.9175860038251671,False,2,0.12486827038385329,0.018562537107772892,0.0207383142463623
path,53,8.190462849336417e-17,0.9214484357176904,False,2,0.12486827038385329,0.018562537107772892,0.0207383142463623
path,54,6.98598301855165e-17,0.9251298500547402,False,2,0.12486827038385329,0.018562537107772892,0.0207383142463623
path,55,7.708670917022511e-17,0.9286387304436139,False,2,0.12486827038385329,0.018562537107772892,0.0207383142463623
path,56,6.98598301855165e-17,0.9319831628970631,False,2,0.12486827038385329,0.018562537107772892,0.0207383142463623
path,57,8.190462849336417e-17,0.9351708544670441,False,2,0.12486827038385329,0.018562537107772892,0.0207383142463623
path,58,7.226878984708603e-17,0.938209151005175,False,2,0.12486827038385329,0.018562537107772892,0.0207383142463623
path,59,8.43135881549337e-17,0.9411050540908282,False,2,0.12486827038385329,0.018562537107772892,0.0207383142463623
path,60,7.708670917022511e-17,0.9438652371658662,False,2,0.12486827038385329,0.018562537107772892,0.0207383142463623
path,61,8.190462849336417e-17,0.9464960609132046,False,2,0.12486827038385329,0.018562537107772892,0.0207383142463623
path,62,8.190462849336417e-17,0.9490035879146386,False,2,0.12486827038385329,0.018562537107772892,0.0207383142463623
path,63,7.949566883179463e-17,0.9513935966217144,False,2,0.12486827038385329,0.018562537107772892,0.0207383142463623
ring,0,0.27244886277141184,0.2724488627714119,False,2,0.12695959222209086,0.020832256521487458,0.01957437610468704
ring,1,0.10588821547344453,0.1477918487435783,False,2,0.12695959222209086,0.020832256521487458,0.01957437610468704
ring,2,0.03899285790546713,0.12695959222209086,True,2,0.12695959222209086,0.020832256521487458,0.01957437610468704
ring,3,0.014345642854775159,0.1465339683267779,False,2,0.12695959222209086,0.020832256521487458,0.01957437610468704
ring,4,0.005277502220334171,0.17904869033923954,False,2,0.12695959222209086,0.020832256521487458,0.01957437610468704
ring,5,0.0019414860919954684,0.21489936598528347,False,2,0.12695959222209086,0.020832256521487458,0.01957437610468704
ring,6,0.0007142328924537311,0.25077391215163436,False,2,0.12695959222209086,0.020832256521487458,0.01957437610468704
ring,7,0.0002627516012420161,0.28556466254928037,False,2,0.12695959222209086,0.020832256521487458,0.01957437610468704
ring,8,9.666091248980435e-05,0.31893441160572955,False,2,0.12695959222209086,0.020832256521487458,0.01957437610468704
ring,9,3.555956252770439e-05,0.3508137089162764,False,2,0.12695959222209086,0.020832256521487458,0.01957437610468704
ring,10,1.3081632037196926e-05,0.3812247028905015,False,2,0.12695959222209086,0.020832256521487458,0.01957437610468704
ring,11,4.812463528721084e-06,0.4102194806980478,False,2,0.12695959222209086,0.020832256521487458,0.01957437610468704
ring,12,1.7704064385258674e-06,0.43785855002378193,False,2,0.12695959222209086,0.020832256521487458,0.01957437610468704
ring,13,6.512961757672637e-07,0.4642033912950535,False,2,0.12695959222209086,0.020832256521487458,0.01957437610468704
ring,14,2.395985171914256e-07,0.4893139389934644,False,2,0.12695959222209086,0.020832256521487458,0.01957437610468704
ring,15,8.814341196022787e-08,0.513247786944033,False,2,0.12695959222209086,0.020832256521487458,0.01957437610468704
ring,16,3.242619157974829e-08,0.5360599939521613,False,2,0.12695959222209086,0.020832256521487458,0.01957437610468704
ring,17,1.1928970644611557e-08,0.5578030959950553,False,2,0.12695959222209086,0.020832256521487458,0.01957437610468704
ring,18,4.388463032651177e-09,0.5785271870737003,False,2,0.12695959222209086,0.020832256521487458,0.01957437610468704
ring,19,1.6144635470803545e-09,0.5982800205509762,False,2,0.12695959222209086,0.020832256521487458,0.01957437610468704
ring,20,5.939639604057465e-10,0.6171071142523126,False,2,0.12695959222209086,0.020832256521487458,0.01957437610468704
ring,21,2.1854036617937814e-10,0.6350518536252622,False,2,0.12695959222209086,0.020832256521487458,0.01957437610468704
ring,22,8.042633832648416e-11,0.6521555911108883,False,2,0.12695959222209086,0.020832256521487458,0.01957437610468704
ring,23,2.9612819606437185e-11,0.6684577412249382,False,2,0.12695959222209086,0.020832256521487458,0.01957437610468704
ring,24,1.0914572677426673e-11,0.6839958713115866,False,2,0.12695959222209086,0.020832256521487458,0.01957437610468704
ring,25,4.029973540549993e-12,0.6988057880890117,False,2,0.12695959222209086,0.020832256521487458,0.01957437610468704
ring,26,1.490842726072825e-12,0.7129216201547264,False,2,0.12695959222209086,0.020832256521487458,0.01957437610468704
ring,27,5.499503838432759e-13,0.7263758966297424,False,2,0.12695959222209086,0.020832256521487458,0.01957437610468704
ring,28,1.9759986052425445e-13,0.7391996221189279,False,2,0.12695959222209086,0.020832256521487458,0.01957437610468704
ring,29,6.37932338090039e-14,0.7514223481589362,False,2,0.12695959222209086,0.020832256521487458,0.01957437610468704
ring,30,1.437437677483552e-14,0.7630722413178816,False,2,0.12695959222209086,0.020832256521487458,0.01957437610468704
ring,31,8.997268853642736e-16,0.7741761481035243,False,2,0.12695959222209086,0.020832256521487458,0.01957437610468704
ring,32,1.2279737018095071e-16,0.7847596568294825,False,2,0.12695959222209086,0.020832256521487458,0.01957437610468704
grid,0,0.47072449914084563,0.4707244991408457,False,3,0.1596918773087883,0.005187156315426988,0.02329511366194792
grid,1,0.2046631100462491,0.24193753807593676,False,3,0.1596918773087883,0.005187156315426988,0.02329511366194792
grid,2,0.08073302673044415,0.1648790336242153,False,3,0.1596918773087883,0.005187156315426988,0.02329511366194792
grid,3,0.029541502839516214,0.1596918773087883,True,3,0.1596918773087883,0.005187156315426988,0.02329511366194792
grid,4,0.010049424982463011,0.18298699097073623,False,3,0.1596918773087883,0.005187156315426988,0.02329511366194792
grid,5,0.0031280405848476346,0.21583274280803455,False,3,0.1596918773087883,0.005187156315426988,0.02329511366194792
grid,6,0.0008666932244222185,0.25088822105288433,False,3,0.1596918773087883,0.005187156315426988,0.02329511366194792
grid,7,0.00021664062200274018,0.28553171057808413,False,3,0.1596918773087883,0.005187156315426988,0.02329511366194792
grid,8,5.168036741449287e-05,0.31890377394286706,False,3,0.1596918773087883,0.005187156315426988,0.02329511366194792
grid,9,1.1360131742646356e-05,0.35079799841890036,False,3,0.1596918773087883,0.005187156315426988,0.02329511366194792
grid,10,2.2322122614796564e-06,0.3812179894497335,False,3,0.1596918773087883,0.005187156315426988,0.02329511366194792
grid,11,3.6938150876444e-07,0.41021686024221593,False,3,0.1596918773087883,0.005187156315426988,0.02329511366194792
grid,12,4.584001811643168e-08,0.43785758057179747,False,3,0.1596918773087883,0.005187156315426988,0.02329511366194792
grid,13,3.1962282729499657e-09,0.4642030440450733,False,3,0.1596918773087883,0.005187156315426988,0.02329511366194792
grid,14,1.5455164035637728e-17,0.4893138166338121,False,3,0.1596918773087883,0.005187156315426988,0.02329511366194792
geometric,0,0.46469988840130005,0.46469988840130005,False,2,0.14175328079728855,0.07390982693543657,0.003615944074949251
geometric,1,0.17709674874478448,0.21566310773272512,False,2,0.14175328079728855,0.07390982693543657,0.003615944074949251
geometric,2,0.05527714469452022,0.14175328079728855,True,2,0.14175328079728855,0.07390982693543657,0.003615944074949251
geometric,3,0.013000499148618318,0.1453692248722378,False,2,0.14175328079728855,0.07390982693543657,0.003615944074949251
geometric,4,0.002377834376116124,0.17665557455106196,False,2,0.14175328079728855,0.07390982693543657,0.003615944074949251
geometric,5,0.00035332378247840716,0.21365007326472152,False,2,0.14175328079728855,0.07390982693543657,0.003615944074949251
geometric,6,2.5168148910290037e-05,0.2502572778723594,False,2,0.14175328079728855,0.07390982693543657,0.003615944074949251
geometric,7,2.8373743930068023e-07,0.2853770969492727,False,2,0.14175328079728855,0.07390982693543657,0.003615944074949251
geometric,8,3.530776334471612e-17,0.3188685728204529,False,2,0.14175328079728855,0.07390982693543657,0.003615944074949251
